bloque,semana_inicio,etapa,tipo,titulo,autor_creador,link,descripcion,gratis_o_pago
A,1,embarazo,articulo,Semana 1 de embarazo: su cuerpo y su bebé,KidsHealth - Hospital Sant Joan de Déu,https://kidshealth.org/HospitalSantJoandeDeu/es/parents/week1.html,Calendario semanal ilustrado con el desarrollo del bebé y los cambios en el cuerpo de la madre en la semana 1 de gestación.,gratis
A,1,embarazo,video,Primer trimestre: todo lo que necesitas saber (para mamás primerizas),Canal de divulgación sobre embarazo,https://www.youtube.com/watch?v=rrG4B4KURbg,"Resumen de lo esperable en las primeras semanas de embarazo, ideal para quienes acaban de confirmar el positivo.",gratis
A,1,embarazo,frase,Un test positivo es solo el comienzo de una historia que vas a ir escribiendo semana a semana.,Anónimo,,Frase de acompañamiento para la semana 1 de embarazo.,gratis
A,2,embarazo,articulo,Semana 2 de embarazo: su cuerpo y su bebé,KidsHealth - Hospital Sant Joan de Déu,https://kidshealth.org/HospitalSantJoandeDeu/es/parents/week2.html,Calendario semanal ilustrado con el desarrollo del bebé y los cambios en el cuerpo de la madre en la semana 2 de gestación.,gratis
A,2,embarazo,video,Primer trimestre: todo lo que necesitas saber (para mamás primerizas),Canal de divulgación sobre embarazo,https://www.youtube.com/watch?v=rrG4B4KURbg,"Resumen de lo esperable en las primeras semanas de embarazo, ideal para quienes acaban de confirmar el positivo.",gratis
A,2,embarazo,frase,Un test positivo es solo el comienzo de una historia que vas a ir escribiendo semana a semana.,Anónimo,,Frase de acompañamiento para la semana 2 de embarazo.,gratis
A,3,embarazo,articulo,Semana 3 de embarazo: su cuerpo y su bebé,KidsHealth - Hospital Sant Joan de Déu,https://kidshealth.org/HospitalSantJoandeDeu/es/parents/week3.html,Calendario semanal ilustrado con el desarrollo del bebé y los cambios en el cuerpo de la madre en la semana 3 de gestación.,gratis
A,3,embarazo,video,Primer trimestre: todo lo que necesitas saber (para mamás primerizas),Canal de divulgación sobre embarazo,https://www.youtube.com/watch?v=rrG4B4KURbg,"Resumen de lo esperable en las primeras semanas de embarazo, ideal para quienes acaban de confirmar el positivo.",gratis
A,3,embarazo,frase,Un test positivo es solo el comienzo de una historia que vas a ir escribiendo semana a semana.,Anónimo,,Frase de acompañamiento para la semana 3 de embarazo.,gratis
A,4,embarazo,articulo,Semana 4 de embarazo: su cuerpo y su bebé,KidsHealth - Hospital Sant Joan de Déu,https://kidshealth.org/HospitalSantJoandeDeu/es/parents/week4.html,Calendario semanal ilustrado con el desarrollo del bebé y los cambios en el cuerpo de la madre en la semana 4 de gestación.,gratis
A,4,embarazo,video,Primer trimestre: todo lo que necesitas saber (para mamás primerizas),Canal de divulgación sobre embarazo,https://www.youtube.com/watch?v=rrG4B4KURbg,"Resumen de lo esperable en las primeras semanas de embarazo, ideal para quienes acaban de confirmar el positivo.",gratis
A,4,embarazo,frase,Un test positivo es solo el comienzo de una historia que vas a ir escribiendo semana a semana.,Anónimo,,Frase de acompañamiento para la semana 4 de embarazo.,gratis
A,5,embarazo,articulo,Semana 5 de embarazo: su cuerpo y su bebé,KidsHealth - Hospital Sant Joan de Déu,https://kidshealth.org/HospitalSantJoandeDeu/es/parents/week5.html,Calendario semanal ilustrado con el desarrollo del bebé y los cambios en el cuerpo de la madre en la semana 5 de gestación.,gratis
A,5,embarazo,video,Náuseas en el embarazo: 5 trucos para eliminarlas,Maternar.co,https://www.youtube.com/watch?v=SoOUatKJTfQ,Consejos prácticos para aliviar las náuseas típicas del primer trimestre.,gratis
A,5,embarazo,frase,"Las náuseas son incómodas, pero también son una señal de que tu embarazo avanza.",Anónimo,,Frase de acompañamiento para la semana 5 de embarazo.,gratis
A,6,embarazo,articulo,Semana 6 de embarazo: su cuerpo y su bebé,KidsHealth - Hospital Sant Joan de Déu,https://kidshealth.org/HospitalSantJoandeDeu/es/parents/week6.html,Calendario semanal ilustrado con el desarrollo del bebé y los cambios en el cuerpo de la madre en la semana 6 de gestación.,gratis
A,6,embarazo,video,Náuseas en el embarazo: 5 trucos para eliminarlas,Maternar.co,https://www.youtube.com/watch?v=SoOUatKJTfQ,Consejos prácticos para aliviar las náuseas típicas del primer trimestre.,gratis
A,6,embarazo,frase,"Las náuseas son incómodas, pero también son una señal de que tu embarazo avanza.",Anónimo,,Frase de acompañamiento para la semana 6 de embarazo.,gratis
A,7,embarazo,articulo,Semana 7 de embarazo: su cuerpo y su bebé,KidsHealth - Hospital Sant Joan de Déu,https://kidshealth.org/HospitalSantJoandeDeu/es/parents/week7.html,Calendario semanal ilustrado con el desarrollo del bebé y los cambios en el cuerpo de la madre en la semana 7 de gestación.,gratis
A,7,embarazo,video,Náuseas en el embarazo: 5 trucos para eliminarlas,Maternar.co,https://www.youtube.com/watch?v=SoOUatKJTfQ,Consejos prácticos para aliviar las náuseas típicas del primer trimestre.,gratis
A,7,embarazo,frase,"Las náuseas son incómodas, pero también son una señal de que tu embarazo avanza.",Anónimo,,Frase de acompañamiento para la semana 7 de embarazo.,gratis
A,8,embarazo,articulo,Semana 8 de embarazo: su cuerpo y su bebé,KidsHealth - Hospital Sant Joan de Déu,https://kidshealth.org/HospitalSantJoandeDeu/es/parents/week8.html,Calendario semanal ilustrado con el desarrollo del bebé y los cambios en el cuerpo de la madre en la semana 8 de gestación.,gratis
A,8,embarazo,video,Náuseas en el embarazo: 5 trucos para eliminarlas,Maternar.co,https://www.youtube.com/watch?v=SoOUatKJTfQ,Consejos prácticos para aliviar las náuseas típicas del primer trimestre.,gratis
A,8,embarazo,frase,"Las náuseas son incómodas, pero también son una señal de que tu embarazo avanza.",Anónimo,,Frase de acompañamiento para la semana 8 de embarazo.,gratis
A,9,embarazo,articulo,Semana 9 de embarazo: su cuerpo y su bebé,KidsHealth - Hospital Sant Joan de Déu,https://kidshealth.org/HospitalSantJoandeDeu/es/parents/week9.html,Calendario semanal ilustrado con el desarrollo del bebé y los cambios en el cuerpo de la madre en la semana 9 de gestación.,gratis
A,9,embarazo,video,Ecografía semana 12 de embarazo: te explico todo lo que necesitas saber,Canal de divulgación sobre embarazo,https://www.youtube.com/watch?v=2RHTUU6Z_vY,"Explica qué se observa en la primera ecografía importante del embarazo, alrededor de la semana 12.",gratis
A,9,embarazo,frase,Cada latido que escuchás en la ecografía es una razón más para respirar tranquila.,Anónimo,,Frase de acompañamiento para la semana 9 de embarazo.,gratis
A,10,embarazo,articulo,Semana 10 de embarazo: su cuerpo y su bebé,KidsHealth - Hospital Sant Joan de Déu,https://kidshealth.org/HospitalSantJoandeDeu/es/parents/week10.html,Calendario semanal ilustrado con el desarrollo del bebé y los cambios en el cuerpo de la madre en la semana 10 de gestación.,gratis
A,10,embarazo,video,Ecografía semana 12 de embarazo: te explico todo lo que necesitas saber,Canal de divulgación sobre embarazo,https://www.youtube.com/watch?v=2RHTUU6Z_vY,"Explica qué se observa en la primera ecografía importante del embarazo, alrededor de la semana 12.",gratis
A,10,embarazo,frase,Cada latido que escuchás en la ecografía es una razón más para respirar tranquila.,Anónimo,,Frase de acompañamiento para la semana 10 de embarazo.,gratis
A,11,embarazo,articulo,Semana 11 de embarazo: su cuerpo y su bebé,KidsHealth - Hospital Sant Joan de Déu,https://kidshealth.org/HospitalSantJoandeDeu/es/parents/week11.html,Calendario semanal ilustrado con el desarrollo del bebé y los cambios en el cuerpo de la madre en la semana 11 de gestación.,gratis
A,11,embarazo,video,Ecografía semana 12 de embarazo: te explico todo lo que necesitas saber,Canal de divulgación sobre embarazo,https://www.youtube.com/watch?v=2RHTUU6Z_vY,"Explica qué se observa en la primera ecografía importante del embarazo, alrededor de la semana 12.",gratis
A,11,embarazo,frase,Cada latido que escuchás en la ecografía es una razón más para respirar tranquila.,Anónimo,,Frase de acompañamiento para la semana 11 de embarazo.,gratis
A,12,embarazo,articulo,Semana 12 de embarazo: su cuerpo y su bebé,KidsHealth - Hospital Sant Joan de Déu,https://kidshealth.org/HospitalSantJoandeDeu/es/parents/week12.html,Calendario semanal ilustrado con el desarrollo del bebé y los cambios en el cuerpo de la madre en la semana 12 de gestación.,gratis
A,12,embarazo,video,Ecografía semana 12 de embarazo: te explico todo lo que necesitas saber,Canal de divulgación sobre embarazo,https://www.youtube.com/watch?v=2RHTUU6Z_vY,"Explica qué se observa en la primera ecografía importante del embarazo, alrededor de la semana 12.",gratis
A,12,embarazo,frase,Cada latido que escuchás en la ecografía es una razón más para respirar tranquila.,Anónimo,,Frase de acompañamiento para la semana 12 de embarazo.,gratis
A,13,embarazo,articulo,Semana 13 de embarazo: su cuerpo y su bebé,KidsHealth - Hospital Sant Joan de Déu,https://kidshealth.org/HospitalSantJoandeDeu/es/parents/week13.html,Calendario semanal ilustrado con el desarrollo del bebé y los cambios en el cuerpo de la madre en la semana 13 de gestación.,gratis
A,13,embarazo,podcast,"Mi bebé y yo: Embarazo, bebés y familias",Podcast de seguimiento semanal del embarazo,https://open.spotify.com/show/6jwpKk8mKDAYrkfiwMDKpj,"Podcast que acompaña semana a semana los cambios del embarazo, ideal para el inicio del segundo trimestre.",gratis
A,13,embarazo,frase,El segundo trimestre suele traer más energía: aprovechá para descansar cuando puedas.,Anónimo,,Frase de acompañamiento para la semana 13 de embarazo.,gratis
A,14,embarazo,articulo,Semana 14 de embarazo: su cuerpo y su bebé,KidsHealth - Hospital Sant Joan de Déu,https://kidshealth.org/HospitalSantJoandeDeu/es/parents/week14.html,Calendario semanal ilustrado con el desarrollo del bebé y los cambios en el cuerpo de la madre en la semana 14 de gestación.,gratis
A,14,embarazo,podcast,"Mi bebé y yo: Embarazo, bebés y familias",Podcast de seguimiento semanal del embarazo,https://open.spotify.com/show/6jwpKk8mKDAYrkfiwMDKpj,"Podcast que acompaña semana a semana los cambios del embarazo, ideal para el inicio del segundo trimestre.",gratis
A,14,embarazo,frase,El segundo trimestre suele traer más energía: aprovechá para descansar cuando puedas.,Anónimo,,Frase de acompañamiento para la semana 14 de embarazo.,gratis
A,15,embarazo,articulo,Semana 15 de embarazo: su cuerpo y su bebé,KidsHealth - Hospital Sant Joan de Déu,https://kidshealth.org/HospitalSantJoandeDeu/es/parents/week15.html,Calendario semanal ilustrado con el desarrollo del bebé y los cambios en el cuerpo de la madre en la semana 15 de gestación.,gratis
A,15,embarazo,podcast,"Mi bebé y yo: Embarazo, bebés y familias",Podcast de seguimiento semanal del embarazo,https://open.spotify.com/show/6jwpKk8mKDAYrkfiwMDKpj,"Podcast que acompaña semana a semana los cambios del embarazo, ideal para el inicio del segundo trimestre.",gratis
A,15,embarazo,frase,El segundo trimestre suele traer más energía: aprovechá para descansar cuando puedas.,Anónimo,,Frase de acompañamiento para la semana 15 de embarazo.,gratis
A,16,embarazo,articulo,Semana 16 de embarazo: su cuerpo y su bebé,KidsHealth - Hospital Sant Joan de Déu,https://kidshealth.org/HospitalSantJoandeDeu/es/parents/week16.html,Calendario semanal ilustrado con el desarrollo del bebé y los cambios en el cuerpo de la madre en la semana 16 de gestación.,gratis
A,16,embarazo,podcast,"Mi bebé y yo: Embarazo, bebés y familias",Podcast de seguimiento semanal del embarazo,https://open.spotify.com/show/6jwpKk8mKDAYrkfiwMDKpj,"Podcast que acompaña semana a semana los cambios del embarazo, ideal para el inicio del segundo trimestre.",gratis
A,16,embarazo,frase,El segundo trimestre suele traer más energía: aprovechá para descansar cuando puedas.,Anónimo,,Frase de acompañamiento para la semana 16 de embarazo.,gratis
A,17,embarazo,articulo,Semana 17 de embarazo: su cuerpo y su bebé,KidsHealth - Hospital Sant Joan de Déu,https://kidshealth.org/HospitalSantJoandeDeu/es/parents/week17.html,Calendario semanal ilustrado con el desarrollo del bebé y los cambios en el cuerpo de la madre en la semana 17 de gestación.,gratis
A,17,embarazo,guia,¿Cómo es la ecografía morfológica de la semana 20 de embarazo?,Reproducción Asistida ORG,https://www.reproduccionasistida.org/faqs/como-es-la-ecografia-morfologica-de-la-semana-20-de-embarazo/,"Explica qué se revisa en la ecografía morfológica, uno de los controles más importantes del embarazo.",gratis
A,17,embarazo,frase,Sentir a tu bebé moverse por primera vez es un recordatorio de que ya no estás sola.,Anónimo,,Frase de acompañamiento para la semana 17 de embarazo.,gratis
A,18,embarazo,articulo,Semana 18 de embarazo: su cuerpo y su bebé,KidsHealth - Hospital Sant Joan de Déu,https://kidshealth.org/HospitalSantJoandeDeu/es/parents/week18.html,Calendario semanal ilustrado con el desarrollo del bebé y los cambios en el cuerpo de la madre en la semana 18 de gestación.,gratis
A,18,embarazo,guia,¿Cómo es la ecografía morfológica de la semana 20 de embarazo?,Reproducción Asistida ORG,https://www.reproduccionasistida.org/faqs/como-es-la-ecografia-morfologica-de-la-semana-20-de-embarazo/,"Explica qué se revisa en la ecografía morfológica, uno de los controles más importantes del embarazo.",gratis
A,18,embarazo,frase,Sentir a tu bebé moverse por primera vez es un recordatorio de que ya no estás sola.,Anónimo,,Frase de acompañamiento para la semana 18 de embarazo.,gratis
A,19,embarazo,articulo,Semana 19 de embarazo: su cuerpo y su bebé,KidsHealth - Hospital Sant Joan de Déu,https://kidshealth.org/HospitalSantJoandeDeu/es/parents/week19.html,Calendario semanal ilustrado con el desarrollo del bebé y los cambios en el cuerpo de la madre en la semana 19 de gestación.,gratis
A,19,embarazo,guia,¿Cómo es la ecografía morfológica de la semana 20 de embarazo?,Reproducción Asistida ORG,https://www.reproduccionasistida.org/faqs/como-es-la-ecografia-morfologica-de-la-semana-20-de-embarazo/,"Explica qué se revisa en la ecografía morfológica, uno de los controles más importantes del embarazo.",gratis
A,19,embarazo,frase,Sentir a tu bebé moverse por primera vez es un recordatorio de que ya no estás sola.,Anónimo,,Frase de acompañamiento para la semana 19 de embarazo.,gratis
A,20,embarazo,articulo,Semana 20 de embarazo: su cuerpo y su bebé,KidsHealth - Hospital Sant Joan de Déu,https://kidshealth.org/HospitalSantJoandeDeu/es/parents/week20.html,Calendario semanal ilustrado con el desarrollo del bebé y los cambios en el cuerpo de la madre en la semana 20 de gestación.,gratis
A,20,embarazo,guia,¿Cómo es la ecografía morfológica de la semana 20 de embarazo?,Reproducción Asistida ORG,https://www.reproduccionasistida.org/faqs/como-es-la-ecografia-morfologica-de-la-semana-20-de-embarazo/,"Explica qué se revisa en la ecografía morfológica, uno de los controles más importantes del embarazo.",gratis
A,20,embarazo,frase,Sentir a tu bebé moverse por primera vez es un recordatorio de que ya no estás sola.,Anónimo,,Frase de acompañamiento para la semana 20 de embarazo.,gratis
A,21,embarazo,articulo,Semana 21 de embarazo: su cuerpo y su bebé,KidsHealth - Hospital Sant Joan de Déu,https://kidshealth.org/HospitalSantJoandeDeu/es/parents/week21.html,Calendario semanal ilustrado con el desarrollo del bebé y los cambios en el cuerpo de la madre en la semana 21 de gestación.,gratis
A,21,embarazo,guia,Etapas del embarazo,"Oficina para la Salud de la Mujer (womenshealth.gov, en español)",https://espanol.womenshealth.gov/pregnancy/youre-pregnant-now-what/stages-pregnancy,Guía oficial sobre las etapas del embarazo y qué esperar a medida que el bebé se acerca a la viabilidad.,gratis
A,21,embarazo,frase,Tu bebé ya puede tener chances de sobrevivir fuera del útero si hiciera falta: cada semana suma fuerza.,Anónimo,,Frase de acompañamiento para la semana 21 de embarazo.,gratis
A,22,embarazo,articulo,Semana 22 de embarazo: su cuerpo y su bebé,KidsHealth - Hospital Sant Joan de Déu,https://kidshealth.org/HospitalSantJoandeDeu/es/parents/week22.html,Calendario semanal ilustrado con el desarrollo del bebé y los cambios en el cuerpo de la madre en la semana 22 de gestación.,gratis
A,22,embarazo,guia,Etapas del embarazo,"Oficina para la Salud de la Mujer (womenshealth.gov, en español)",https://espanol.womenshealth.gov/pregnancy/youre-pregnant-now-what/stages-pregnancy,Guía oficial sobre las etapas del embarazo y qué esperar a medida que el bebé se acerca a la viabilidad.,gratis
A,22,embarazo,frase,Tu bebé ya puede tener chances de sobrevivir fuera del útero si hiciera falta: cada semana suma fuerza.,Anónimo,,Frase de acompañamiento para la semana 22 de embarazo.,gratis
A,23,embarazo,articulo,Semana 23 de embarazo: su cuerpo y su bebé,KidsHealth - Hospital Sant Joan de Déu,https://kidshealth.org/HospitalSantJoandeDeu/es/parents/week23.html,Calendario semanal ilustrado con el desarrollo del bebé y los cambios en el cuerpo de la madre en la semana 23 de gestación.,gratis
A,23,embarazo,guia,Etapas del embarazo,"Oficina para la Salud de la Mujer (womenshealth.gov, en español)",https://espanol.womenshealth.gov/pregnancy/youre-pregnant-now-what/stages-pregnancy,Guía oficial sobre las etapas del embarazo y qué esperar a medida que el bebé se acerca a la viabilidad.,gratis
A,23,embarazo,frase,Tu bebé ya puede tener chances de sobrevivir fuera del útero si hiciera falta: cada semana suma fuerza.,Anónimo,,Frase de acompañamiento para la semana 23 de embarazo.,gratis
A,24,embarazo,articulo,Semana 24 de embarazo: su cuerpo y su bebé,KidsHealth - Hospital Sant Joan de Déu,https://kidshealth.org/HospitalSantJoandeDeu/es/parents/week24.html,Calendario semanal ilustrado con el desarrollo del bebé y los cambios en el cuerpo de la madre en la semana 24 de gestación.,gratis
A,24,embarazo,guia,Etapas del embarazo,"Oficina para la Salud de la Mujer (womenshealth.gov, en español)",https://espanol.womenshealth.gov/pregnancy/youre-pregnant-now-what/stages-pregnancy,Guía oficial sobre las etapas del embarazo y qué esperar a medida que el bebé se acerca a la viabilidad.,gratis
A,24,embarazo,frase,Tu bebé ya puede tener chances de sobrevivir fuera del útero si hiciera falta: cada semana suma fuerza.,Anónimo,,Frase de acompañamiento para la semana 24 de embarazo.,gratis
A,25,embarazo,articulo,Semana 25 de embarazo: su cuerpo y su bebé,KidsHealth - Hospital Sant Joan de Déu,https://kidshealth.org/HospitalSantJoandeDeu/es/parents/week25.html,Calendario semanal ilustrado con el desarrollo del bebé y los cambios en el cuerpo de la madre en la semana 25 de gestación.,gratis
A,25,embarazo,articulo,El test de O'Sullivan (la prueba del azúcar),El Parto es Nuestro,https://www.elpartoesnuestro.es/informacion/embarazo/seguimiento-del-embarazo/pruebas-durante-el-embarazo/el-test-de-osullivan-la,Explica en qué consiste el test de tolerancia a la glucosa que se realiza entre las semanas 24 y 28.,gratis
A,25,embarazo,frase,El tercer trimestre empieza: es momento de bajar el ritmo y planificar sin culpa.,Anónimo,,Frase de acompañamiento para la semana 25 de embarazo.,gratis
A,26,embarazo,articulo,Semana 26 de embarazo: su cuerpo y su bebé,KidsHealth - Hospital Sant Joan de Déu,https://kidshealth.org/HospitalSantJoandeDeu/es/parents/week26.html,Calendario semanal ilustrado con el desarrollo del bebé y los cambios en el cuerpo de la madre en la semana 26 de gestación.,gratis
A,26,embarazo,articulo,El test de O'Sullivan (la prueba del azúcar),El Parto es Nuestro,https://www.elpartoesnuestro.es/informacion/embarazo/seguimiento-del-embarazo/pruebas-durante-el-embarazo/el-test-de-osullivan-la,Explica en qué consiste el test de tolerancia a la glucosa que se realiza entre las semanas 24 y 28.,gratis
A,26,embarazo,frase,El tercer trimestre empieza: es momento de bajar el ritmo y planificar sin culpa.,Anónimo,,Frase de acompañamiento para la semana 26 de embarazo.,gratis
A,27,embarazo,articulo,Semana 27 de embarazo: su cuerpo y su bebé,KidsHealth - Hospital Sant Joan de Déu,https://kidshealth.org/HospitalSantJoandeDeu/es/parents/week27.html,Calendario semanal ilustrado con el desarrollo del bebé y los cambios en el cuerpo de la madre en la semana 27 de gestación.,gratis
A,27,embarazo,articulo,El test de O'Sullivan (la prueba del azúcar),El Parto es Nuestro,https://www.elpartoesnuestro.es/informacion/embarazo/seguimiento-del-embarazo/pruebas-durante-el-embarazo/el-test-de-osullivan-la,Explica en qué consiste el test de tolerancia a la glucosa que se realiza entre las semanas 24 y 28.,gratis
A,27,embarazo,frase,El tercer trimestre empieza: es momento de bajar el ritmo y planificar sin culpa.,Anónimo,,Frase de acompañamiento para la semana 27 de embarazo.,gratis
A,28,embarazo,articulo,Semana 28 de embarazo: su cuerpo y su bebé,KidsHealth - Hospital Sant Joan de Déu,https://kidshealth.org/HospitalSantJoandeDeu/es/parents/week28.html,Calendario semanal ilustrado con el desarrollo del bebé y los cambios en el cuerpo de la madre en la semana 28 de gestación.,gratis
A,28,embarazo,articulo,El test de O'Sullivan (la prueba del azúcar),El Parto es Nuestro,https://www.elpartoesnuestro.es/informacion/embarazo/seguimiento-del-embarazo/pruebas-durante-el-embarazo/el-test-de-osullivan-la,Explica en qué consiste el test de tolerancia a la glucosa que se realiza entre las semanas 24 y 28.,gratis
A,28,embarazo,frase,El tercer trimestre empieza: es momento de bajar el ritmo y planificar sin culpa.,Anónimo,,Frase de acompañamiento para la semana 28 de embarazo.,gratis
A,29,embarazo,articulo,Semana 29 de embarazo: su cuerpo y su bebé,KidsHealth - Hospital Sant Joan de Déu,https://kidshealth.org/HospitalSantJoandeDeu/es/parents/week29.html,Calendario semanal ilustrado con el desarrollo del bebé y los cambios en el cuerpo de la madre en la semana 29 de gestación.,gratis
A,29,embarazo,podcast,Tu Mejor Parto,myBabymyBirth®,https://www.mybabymybirth.com/podcast,"Podcast con matronas, obstetras y doulas sobre cómo prepararse física y emocionalmente para el parto.",gratis
A,29,embarazo,frase,"No hace falta tenerlo todo listo, hace falta estar en paz con lo que sí podés controlar.",Anónimo,,Frase de acompañamiento para la semana 29 de embarazo.,gratis
A,30,embarazo,articulo,Semana 30 de embarazo: su cuerpo y su bebé,KidsHealth - Hospital Sant Joan de Déu,https://kidshealth.org/HospitalSantJoandeDeu/es/parents/week30.html,Calendario semanal ilustrado con el desarrollo del bebé y los cambios en el cuerpo de la madre en la semana 30 de gestación.,gratis
A,30,embarazo,podcast,Tu Mejor Parto,myBabymyBirth®,https://www.mybabymybirth.com/podcast,"Podcast con matronas, obstetras y doulas sobre cómo prepararse física y emocionalmente para el parto.",gratis
A,30,embarazo,frase,"No hace falta tenerlo todo listo, hace falta estar en paz con lo que sí podés controlar.",Anónimo,,Frase de acompañamiento para la semana 30 de embarazo.,gratis
A,31,embarazo,articulo,Semana 31 de embarazo: su cuerpo y su bebé,KidsHealth - Hospital Sant Joan de Déu,https://kidshealth.org/HospitalSantJoandeDeu/es/parents/week31.html,Calendario semanal ilustrado con el desarrollo del bebé y los cambios en el cuerpo de la madre en la semana 31 de gestación.,gratis
A,31,embarazo,podcast,Tu Mejor Parto,myBabymyBirth®,https://www.mybabymybirth.com/podcast,"Podcast con matronas, obstetras y doulas sobre cómo prepararse física y emocionalmente para el parto.",gratis
A,31,embarazo,frase,"No hace falta tenerlo todo listo, hace falta estar en paz con lo que sí podés controlar.",Anónimo,,Frase de acompañamiento para la semana 31 de embarazo.,gratis
A,32,embarazo,articulo,Semana 32 de embarazo: su cuerpo y su bebé,KidsHealth - Hospital Sant Joan de Déu,https://kidshealth.org/HospitalSantJoandeDeu/es/parents/week32.html,Calendario semanal ilustrado con el desarrollo del bebé y los cambios en el cuerpo de la madre en la semana 32 de gestación.,gratis
A,32,embarazo,podcast,Tu Mejor Parto,myBabymyBirth®,https://www.mybabymybirth.com/podcast,"Podcast con matronas, obstetras y doulas sobre cómo prepararse física y emocionalmente para el parto.",gratis
A,32,embarazo,frase,"No hace falta tenerlo todo listo, hace falta estar en paz con lo que sí podés controlar.",Anónimo,,Frase de acompañamiento para la semana 32 de embarazo.,gratis
A,33,embarazo,articulo,Semana 33 de embarazo: su cuerpo y su bebé,KidsHealth - Hospital Sant Joan de Déu,https://kidshealth.org/HospitalSantJoandeDeu/es/parents/week33.html,Calendario semanal ilustrado con el desarrollo del bebé y los cambios en el cuerpo de la madre en la semana 33 de gestación.,gratis
A,33,embarazo,plantilla,Qué llevar en la bolsa del hospital para el parto (lista descargable),Guiainfantil.com,https://www.guiainfantil.com/embarazo/parto/que-llevar-en-la-bolsa-del-hospital-para-el-parto-lista-para-descargarse/,"Checklist imprimible con todo lo necesario para la maleta del hospital, para vos, el bebé y tu acompañante.",gratis
A,33,embarazo,frase,Tu cuerpo se está preparando para el parto aunque no lo sientas todos los días.,Anónimo,,Frase de acompañamiento para la semana 33 de embarazo.,gratis
A,34,embarazo,articulo,Semana 34 de embarazo: su cuerpo y su bebé,KidsHealth - Hospital Sant Joan de Déu,https://kidshealth.org/HospitalSantJoandeDeu/es/parents/week34.html,Calendario semanal ilustrado con el desarrollo del bebé y los cambios en el cuerpo de la madre en la semana 34 de gestación.,gratis
A,34,embarazo,plantilla,Qué llevar en la bolsa del hospital para el parto (lista descargable),Guiainfantil.com,https://www.guiainfantil.com/embarazo/parto/que-llevar-en-la-bolsa-del-hospital-para-el-parto-lista-para-descargarse/,"Checklist imprimible con todo lo necesario para la maleta del hospital, para vos, el bebé y tu acompañante.",gratis
A,34,embarazo,frase,Tu cuerpo se está preparando para el parto aunque no lo sientas todos los días.,Anónimo,,Frase de acompañamiento para la semana 34 de embarazo.,gratis
A,35,embarazo,articulo,Semana 35 de embarazo: su cuerpo y su bebé,KidsHealth - Hospital Sant Joan de Déu,https://kidshealth.org/HospitalSantJoandeDeu/es/parents/week35.html,Calendario semanal ilustrado con el desarrollo del bebé y los cambios en el cuerpo de la madre en la semana 35 de gestación.,gratis
A,35,embarazo,plantilla,Qué llevar en la bolsa del hospital para el parto (lista descargable),Guiainfantil.com,https://www.guiainfantil.com/embarazo/parto/que-llevar-en-la-bolsa-del-hospital-para-el-parto-lista-para-descargarse/,"Checklist imprimible con todo lo necesario para la maleta del hospital, para vos, el bebé y tu acompañante.",gratis
A,35,embarazo,frase,Tu cuerpo se está preparando para el parto aunque no lo sientas todos los días.,Anónimo,,Frase de acompañamiento para la semana 35 de embarazo.,gratis
A,36,embarazo,articulo,Semana 36 de embarazo: su cuerpo y su bebé,KidsHealth - Hospital Sant Joan de Déu,https://kidshealth.org/HospitalSantJoandeDeu/es/parents/week36.html,Calendario semanal ilustrado con el desarrollo del bebé y los cambios en el cuerpo de la madre en la semana 36 de gestación.,gratis
A,36,embarazo,plantilla,Qué llevar en la bolsa del hospital para el parto (lista descargable),Guiainfantil.com,https://www.guiainfantil.com/embarazo/parto/que-llevar-en-la-bolsa-del-hospital-para-el-parto-lista-para-descargarse/,"Checklist imprimible con todo lo necesario para la maleta del hospital, para vos, el bebé y tu acompañante.",gratis
A,36,embarazo,frase,Tu cuerpo se está preparando para el parto aunque no lo sientas todos los días.,Anónimo,,Frase de acompañamiento para la semana 36 de embarazo.,gratis
A,37,embarazo,articulo,Semana 37 de embarazo: su cuerpo y su bebé,KidsHealth - Hospital Sant Joan de Déu,https://kidshealth.org/HospitalSantJoandeDeu/es/parents/week37.html,Calendario semanal ilustrado con el desarrollo del bebé y los cambios en el cuerpo de la madre en la semana 37 de gestación.,gratis
A,37,embarazo,guia,Guía OMS de cuidados durante el trabajo de parto: manual del usuario,Organización Mundial de la Salud (OMS),https://iris.who.int/server/api/core/bitstreams/7f978b53-99c0-42ca-9b8e-c0adb24132a8/content,"Recomendaciones basadas en evidencia sobre los cuidados durante el trabajo de parto, útil a medida que se acerca la fecha probable de parto.",gratis
A,37,embarazo,frase,"Estás a término: tu bebé puede llegar en cualquier momento, y eso también está bien.",Anónimo,,Frase de acompañamiento para la semana 37 de embarazo.,gratis
A,38,embarazo,articulo,Semana 38 de embarazo: su cuerpo y su bebé,KidsHealth - Hospital Sant Joan de Déu,https://kidshealth.org/HospitalSantJoandeDeu/es/parents/week38.html,Calendario semanal ilustrado con el desarrollo del bebé y los cambios en el cuerpo de la madre en la semana 38 de gestación.,gratis
A,38,embarazo,guia,Guía OMS de cuidados durante el trabajo de parto: manual del usuario,Organización Mundial de la Salud (OMS),https://iris.who.int/server/api/core/bitstreams/7f978b53-99c0-42ca-9b8e-c0adb24132a8/content,"Recomendaciones basadas en evidencia sobre los cuidados durante el trabajo de parto, útil a medida que se acerca la fecha probable de parto.",gratis
A,38,embarazo,frase,"Estás a término: tu bebé puede llegar en cualquier momento, y eso también está bien.",Anónimo,,Frase de acompañamiento para la semana 38 de embarazo.,gratis
A,39,embarazo,articulo,Semana 39 de embarazo: su cuerpo y su bebé,KidsHealth - Hospital Sant Joan de Déu,https://kidshealth.org/HospitalSantJoandeDeu/es/parents/week39.html,Calendario semanal ilustrado con el desarrollo del bebé y los cambios en el cuerpo de la madre en la semana 39 de gestación.,gratis
A,39,embarazo,guia,Guía OMS de cuidados durante el trabajo de parto: manual del usuario,Organización Mundial de la Salud (OMS),https://iris.who.int/server/api/core/bitstreams/7f978b53-99c0-42ca-9b8e-c0adb24132a8/content,"Recomendaciones basadas en evidencia sobre los cuidados durante el trabajo de parto, útil a medida que se acerca la fecha probable de parto.",gratis
A,39,embarazo,frase,"Estás a término: tu bebé puede llegar en cualquier momento, y eso también está bien.",Anónimo,,Frase de acompañamiento para la semana 39 de embarazo.,gratis
A,40,embarazo,articulo,Semana 40 de embarazo: su cuerpo y su bebé,KidsHealth - Hospital Sant Joan de Déu,https://kidshealth.org/HospitalSantJoandeDeu/es/parents/week40.html,Calendario semanal ilustrado con el desarrollo del bebé y los cambios en el cuerpo de la madre en la semana 40 de gestación.,gratis
A,40,embarazo,guia,Guía OMS de cuidados durante el trabajo de parto: manual del usuario,Organización Mundial de la Salud (OMS),https://iris.who.int/server/api/core/bitstreams/7f978b53-99c0-42ca-9b8e-c0adb24132a8/content,"Recomendaciones basadas en evidencia sobre los cuidados durante el trabajo de parto, útil a medida que se acerca la fecha probable de parto.",gratis
A,40,embarazo,frase,"Estás a término: tu bebé puede llegar en cualquier momento, y eso también está bien.",Anónimo,,Frase de acompañamiento para la semana 40 de embarazo.,gratis
A,37,embarazo,articulo,"Semana 37 de embarazo: movimiento del bebé, flujo y señales de parto",Guiainfantil.com,https://www.guiainfantil.com/articulos/embarazo/etapas/37-semanas-de-embarazo/,"Explica los signos de que el parto se acerca: tapón mucoso, contracciones y encajamiento del bebé.",gratis
A,40,embarazo,articulo,40 semanas de embarazo o gestación: el parto y el nacimiento del bebé,Guiainfantil.com,https://www.guiainfantil.com/articulos/embarazo/etapas/40-semanas-de-embarazo/,Qué esperar en la semana de la fecha probable de parto y cuándo consultar si el trabajo de parto no comienza.,gratis
A,1,postparto,articulo,Primera semana de vida del recién nacido,Club Familias,https://www.clubfamilias.com/es/semana-1-bebe,Qué esperar del bebé y de la lactancia en los primeros días tras el nacimiento.,gratis
A,1,postparto,articulo,Sangrado postparto (loquios): qué es normal y cuándo preocuparse,"Diana Martínez, matrona",https://dianamartinezmatrona.com/sangrado-postparto/,Explica cómo evoluciona el sangrado postparto en las primeras semanas y qué señales requieren consulta médica.,gratis
A,1,postparto,video,Cómo cuidar al bebé recién nacido en casa,Pediatra (canal de divulgación pediátrica),https://www.youtube.com/watch?v=l5EcmjvjjLQ,Una pediatra responde las dudas más comunes sobre el cuidado del recién nacido en casa.,gratis
A,1,postparto,frase,Las primeras dos semanas no son para tener todo resuelto: son para conocerse mutuamente.,Anónimo,,Frase de acompañamiento para la semana 1 de postparto.,gratis
A,2,postparto,articulo,Primera semana de vida del recién nacido,Club Familias,https://www.clubfamilias.com/es/semana-1-bebe,Qué esperar del bebé y de la lactancia en los primeros días tras el nacimiento.,gratis
A,2,postparto,articulo,Sangrado postparto (loquios): qué es normal y cuándo preocuparse,"Diana Martínez, matrona",https://dianamartinezmatrona.com/sangrado-postparto/,Explica cómo evoluciona el sangrado postparto en las primeras semanas y qué señales requieren consulta médica.,gratis
A,2,postparto,video,Cómo cuidar al bebé recién nacido en casa,Pediatra (canal de divulgación pediátrica),https://www.youtube.com/watch?v=l5EcmjvjjLQ,Una pediatra responde las dudas más comunes sobre el cuidado del recién nacido en casa.,gratis
A,2,postparto,frase,Las primeras dos semanas no son para tener todo resuelto: son para conocerse mutuamente.,Anónimo,,Frase de acompañamiento para la semana 2 de postparto.,gratis
A,3,postparto,articulo,Baby blues: cuando la tristeza llega tras el parto,Psiconervion (psicología),https://psiconervion.es/blog/baby-blues-tristeza-posparto/,"Explica el baby blues, muy frecuente en los primeros diez días de postparto, y cómo diferenciarlo de una depresión posparto.",gratis
A,3,postparto,articulo,Ictericia neonatal,FAPap - Asociación Española de Pediatría de Atención Primaria,https://fapap.es/articulo/143/ictericia-neonatal,"Explica qué es la ictericia neonatal, cuándo es normal y cuándo requiere seguimiento médico.",gratis
A,3,postparto,video,Cómo y cuándo bañar a un bebé recién nacido,Canal de pediatría y crianza,https://www.youtube.com/watch?v=lJMDbhGdguY,Explicación paso a paso de cómo dar el primer baño al bebé recién nacido.,gratis
A,3,postparto,frase,"Si algo te duele el alma en estos días, no es debilidad: es adaptación.",Anónimo,,Frase de acompañamiento para la semana 3 de postparto.,gratis
A,4,postparto,articulo,Baby blues: cuando la tristeza llega tras el parto,Psiconervion (psicología),https://psiconervion.es/blog/baby-blues-tristeza-posparto/,"Explica el baby blues, muy frecuente en los primeros diez días de postparto, y cómo diferenciarlo de una depresión posparto.",gratis
A,4,postparto,articulo,Ictericia neonatal,FAPap - Asociación Española de Pediatría de Atención Primaria,https://fapap.es/articulo/143/ictericia-neonatal,"Explica qué es la ictericia neonatal, cuándo es normal y cuándo requiere seguimiento médico.",gratis
A,4,postparto,video,Cómo y cuándo bañar a un bebé recién nacido,Canal de pediatría y crianza,https://www.youtube.com/watch?v=lJMDbhGdguY,Explicación paso a paso de cómo dar el primer baño al bebé recién nacido.,gratis
A,4,postparto,frase,"Si algo te duele el alma en estos días, no es debilidad: es adaptación.",Anónimo,,Frase de acompañamiento para la semana 4 de postparto.,gratis
A,5,postparto,articulo,Cuarentena postparto: qué esperar y cómo cuidarte,"Diana Martínez, matrona",https://dianamartinezmatrona.com/cuarentena-postparto/,Qué implica la cuarentena o puerperio y cómo cuidarse física y emocionalmente durante esas semanas.,gratis
A,5,postparto,articulo,Cómo son las revisiones del puerperio o cuarentena,Natalben,https://www.natalben.com/revisiones-postparto-cuarentena-puerperio,"Explica qué se evalúa en la revisión médica de las 6 semanas postparto: suelo pélvico, cicatriz y anticoncepción.",gratis
A,5,postparto,podcast,Bienestar emocional en embarazo y posparto,Especialista en psiquiatría perinatal,https://open.spotify.com/show/48XX6JntF5QBfZ89aev3CF,Podcast centrado en el cuidado de la salud mental durante el embarazo y el posparto.,gratis
A,5,postparto,frase,Llegar a la revisión de las seis semanas ya es un logro: celebralo.,Anónimo,,Frase de acompañamiento para la semana 5 de postparto.,gratis
A,6,postparto,articulo,Cuarentena postparto: qué esperar y cómo cuidarte,"Diana Martínez, matrona",https://dianamartinezmatrona.com/cuarentena-postparto/,Qué implica la cuarentena o puerperio y cómo cuidarse física y emocionalmente durante esas semanas.,gratis
A,6,postparto,articulo,Cómo son las revisiones del puerperio o cuarentena,Natalben,https://www.natalben.com/revisiones-postparto-cuarentena-puerperio,"Explica qué se evalúa en la revisión médica de las 6 semanas postparto: suelo pélvico, cicatriz y anticoncepción.",gratis
A,6,postparto,podcast,Bienestar emocional en embarazo y posparto,Especialista en psiquiatría perinatal,https://open.spotify.com/show/48XX6JntF5QBfZ89aev3CF,Podcast centrado en el cuidado de la salud mental durante el embarazo y el posparto.,gratis
A,6,postparto,frase,Llegar a la revisión de las seis semanas ya es un logro: celebralo.,Anónimo,,Frase de acompañamiento para la semana 6 de postparto.,gratis
A,7,postparto,articulo,Recomendaciones de sueño en lactantes,Asociación Española de Pediatría (AEP),https://www.aeped.es/enfamilia/salud-en-familia/recomendaciones-de-sueno-en-lactantes,Recomendaciones oficiales de pediatras sobre el sueño seguro de bebés y lactantes.,gratis
A,7,postparto,libro,Dormir sin lágrimas: dejarle llorar no es la solución,"Rosa Jové, psicóloga infantil",https://www.casadellibro.com/libro-dormir-sin-lagrimas-dejarle-llorar-no-es-la-solucion/9788497346474/1141288,"Libro de referencia sobre el sueño infantil desde una mirada respetuosa, sin métodos de adiestramiento.",pago
A,7,postparto,podcast,Lactando,"Asociación Lactando, con Almudena Pernas (matrona e IBCLC)",https://open.spotify.com/show/3yLyQBjK9IeVUDP0pqdRJa,Podcast con matronas y consultoras certificadas en lactancia que comparten experiencias y consejos.,gratis
A,7,postparto,frase,No hay una sola forma correcta de ir durmiendo de a poco: la tuya también vale.,Anónimo,,Frase de acompañamiento para la semana 7 de postparto.,gratis
A,8,postparto,articulo,Recomendaciones de sueño en lactantes,Asociación Española de Pediatría (AEP),https://www.aeped.es/enfamilia/salud-en-familia/recomendaciones-de-sueno-en-lactantes,Recomendaciones oficiales de pediatras sobre el sueño seguro de bebés y lactantes.,gratis
A,8,postparto,libro,Dormir sin lágrimas: dejarle llorar no es la solución,"Rosa Jové, psicóloga infantil",https://www.casadellibro.com/libro-dormir-sin-lagrimas-dejarle-llorar-no-es-la-solucion/9788497346474/1141288,"Libro de referencia sobre el sueño infantil desde una mirada respetuosa, sin métodos de adiestramiento.",pago
A,8,postparto,podcast,Lactando,"Asociación Lactando, con Almudena Pernas (matrona e IBCLC)",https://open.spotify.com/show/3yLyQBjK9IeVUDP0pqdRJa,Podcast con matronas y consultoras certificadas en lactancia que comparten experiencias y consejos.,gratis
A,8,postparto,frase,No hay una sola forma correcta de ir durmiendo de a poco: la tuya también vale.,Anónimo,,Frase de acompañamiento para la semana 8 de postparto.,gratis
A,9,postparto,articulo,Cuándo puedes volver a hacer ejercicio después del parto,Oh Mamá Matrona,https://ohmamamatrona.com/ejercicio-despues-del-parto-cuando-empezar/,Explica cuándo es seguro retomar la actividad física según el tipo de parto y la recuperación individual.,gratis
A,9,postparto,guia,Guía de Ejercicios Postparto,Suelo Pélvico Valencia (clínica especializada),https://www.suelopelvico.eu/guia-de-ejercicios-postparto/,Guía con ejercicios seguros y progresivos para la recuperación del suelo pélvico y el abdomen.,gratis
A,9,postparto,podcast,"Pélvium, tu podcast sobre suelo pélvico",Fisioterapeutas especializadas en suelo pélvico,https://podcasts.apple.com/es/podcast/p%C3%A9lvium-tu-podcast-sobre-suelo-p%C3%A9lvico/id1470902032,"Podcast dedicado a la salud del suelo pélvico, con episodios sobre recuperación postparto.",gratis
A,9,postparto,frase,Escuchá a tu cuerpo antes que al calendario para volver a moverte.,Anónimo,,Frase de acompañamiento para la semana 9 de postparto.,gratis
A,10,postparto,articulo,Cuándo puedes volver a hacer ejercicio después del parto,Oh Mamá Matrona,https://ohmamamatrona.com/ejercicio-despues-del-parto-cuando-empezar/,Explica cuándo es seguro retomar la actividad física según el tipo de parto y la recuperación individual.,gratis
A,10,postparto,guia,Guía de Ejercicios Postparto,Suelo Pélvico Valencia (clínica especializada),https://www.suelopelvico.eu/guia-de-ejercicios-postparto/,Guía con ejercicios seguros y progresivos para la recuperación del suelo pélvico y el abdomen.,gratis
A,10,postparto,podcast,"Pélvium, tu podcast sobre suelo pélvico",Fisioterapeutas especializadas en suelo pélvico,https://podcasts.apple.com/es/podcast/p%C3%A9lvium-tu-podcast-sobre-suelo-p%C3%A9lvico/id1470902032,"Podcast dedicado a la salud del suelo pélvico, con episodios sobre recuperación postparto.",gratis
A,10,postparto,frase,Escuchá a tu cuerpo antes que al calendario para volver a moverte.,Anónimo,,Frase de acompañamiento para la semana 10 de postparto.,gratis
A,11,postparto,articulo,Autocuidado postparto: cuándo y cómo volver a entrenar,Nestlé Bebé,https://www.nestlebebe.es/articulo/autocuidado-en-el-postparto-cuando-y-como-volver-entrenar,Recomendaciones sobre cómo retomar el autocuidado y el entrenamiento físico hacia el final del cuarto trimestre.,gratis
A,11,postparto,articulo,El rol de la pareja en el postparto,Casa de Parto,https://casadeparto.cl/blogs/news/el-rol-de-la-pareja-en-el-postparto,Aborda cómo la pareja puede seguir apoyando activamente al cierre del cuarto trimestre.,gratis
A,11,postparto,libro,"Ser mamá. Guía de embarazo, parto y posparto con evidencia y emoción","Nazareth Olivera Belart, matrona e IBCLC",https://www.penguinlibros.com/us/196977-nazareth-olivera-belart,Incluye una sección sobre el cierre del cuarto trimestre y la vuelta gradual a la rutina.,pago
A,11,postparto,frase,"El cuarto trimestre se cierra, pero seguís teniendo derecho a pedir ayuda.",Anónimo,,Frase de acompañamiento para la semana 11 de postparto.,gratis
A,12,postparto,articulo,Autocuidado postparto: cuándo y cómo volver a entrenar,Nestlé Bebé,https://www.nestlebebe.es/articulo/autocuidado-en-el-postparto-cuando-y-como-volver-entrenar,Recomendaciones sobre cómo retomar el autocuidado y el entrenamiento físico hacia el final del cuarto trimestre.,gratis
A,12,postparto,articulo,El rol de la pareja en el postparto,Casa de Parto,https://casadeparto.cl/blogs/news/el-rol-de-la-pareja-en-el-postparto,Aborda cómo la pareja puede seguir apoyando activamente al cierre del cuarto trimestre.,gratis
A,12,postparto,libro,"Ser mamá. Guía de embarazo, parto y posparto con evidencia y emoción","Nazareth Olivera Belart, matrona e IBCLC",https://www.penguinlibros.com/us/196977-nazareth-olivera-belart,Incluye una sección sobre el cierre del cuarto trimestre y la vuelta gradual a la rutina.,pago
A,12,postparto,frase,"El cuarto trimestre se cierra, pero seguís teniendo derecho a pedir ayuda.",Anónimo,,Frase de acompañamiento para la semana 12 de postparto.,gratis
A,1,postparto,video,"Esme, mamá primeriza",Esme (canal de YouTube de una mamá primeriza),https://www.youtube.com/channel/UCKxuNh34k2nlraogzCfycQw,Canal de una mamá primeriza que comparte en primera persona su experiencia real con la maternidad y el postparto.,gratis
A,1,postparto,frase,No pasa nada si hoy solo lograste sostener a tu bebé y sobrevivir el día: eso también es suficiente.,Anónimo,,Frase de contención para las primeras semanas de postparto.,gratis
A,2,postparto,video,Doctora Di Pediatra,"Diana Álvarez, pediatra",https://www.youtube.com/c/DoctoraDipediatra,Videos breves y claros de una pediatra sobre el cuidado del recién nacido en las primeras semanas.,gratis
A,2,postparto,frase,Preguntarle todo a la pediatra no te hace una madre exagerada: te hace una madre presente.,Anónimo,,Frase de acompañamiento para la semana 2 de postparto.,gratis
A,3,postparto,video,Duo en Consultorio,"Lucía de Martin y Maximiliano Álvarez, médicos",https://www.instagram.com/duoenconsultorio/,"Cuenta de dos médicos que hablan con humor y cercanía sobre el postparto, la paternidad y los primeros meses en familia.",gratis
A,3,postparto,frase,El humor también es una forma de atravesar noches sin dormir.,Anónimo,,Frase de acompañamiento para la semana 3 de postparto.,gratis
A,4,postparto,video,Matrona Para Mí,"Carla Quintana, matrona",https://www.instagram.com/matronaparami/,"Contenido cercano de una matrona sobre la maternidad, el postparto y la crianza de los primeros meses.",gratis
A,4,postparto,frase,Tener dudas todos los días no significa estar haciendo algo mal: significa que estás aprendiendo.,Anónimo,,Frase de acompañamiento para la semana 4 de postparto.,gratis
A,5,postparto,video,Duermebel,"Belén Clemares, coach de sueño infantil certificada",https://www.instagram.com/duermebel/,Consejos prácticos y sin juicios sobre el sueño del bebé en las primeras semanas de vida.,gratis
A,5,postparto,frase,Que tu bebé no duerma 'como dice el libro' no significa que algo esté mal: cada bebé tiene su propio ritmo.,Anónimo,,Frase de acompañamiento para la semana 5 de postparto.,gratis
A,6,postparto,video,Psi Florencia Field,"Florencia Field, psicóloga especializada en salud mental perinatal",https://www.instagram.com/psiflorenciafield/,Contenido validante sobre las emociones difíciles del postparto y cuándo pedir ayuda profesional.,gratis
A,6,postparto,frase,Sentir que no reconocés tu propia vida todavía es parte de este proceso: no estás sola en eso.,Anónimo,,Frase de acompañamiento para la semana 6 de postparto.,gratis
A,7,postparto,video,Eliana Marengo - Psiquiatría Perinatal,"Eliana Marengo, psiquiatra perinatal",https://www.instagram.com/e.marengo_psiquiatraperinatal/,Contenido de una psiquiatra especializada en salud mental durante el embarazo y el posparto.,gratis
A,7,postparto,frase,Dormir poco no te vuelve una mala madre: te vuelve una madre cansada que necesita ayuda.,Anónimo,,Frase de acompañamiento para la semana 7 de postparto.,gratis
A,8,postparto,video,Viviana Fumero Nutrición,"Viviana Fumero, nutricionista especializada en embarazo, lactancia y posparto",https://www.instagram.com/vivifumeronutricion/,Consejos prácticos sobre alimentación de la madre durante la lactancia y el posparto.,gratis
A,8,postparto,frase,Comer algo rápido y nutritivo hoy también cuenta como cuidarte.,Anónimo,,Frase de acompañamiento para la semana 8 de postparto.,gratis
A,9,postparto,video,Silvia Soriano Fisioterapia,"Silvia Soriano, fisioterapeuta especializada en suelo pélvico",https://www.instagram.com/silviasorianofosas/,Contenido sobre recuperación del suelo pélvico y ejercicios seguros para retomar el movimiento tras el parto.,gratis
A,9,postparto,frase,Volver a moverte no tiene apuro: tu cuerpo todavía se está reorganizando.,Anónimo,,Frase de acompañamiento para la semana 9 de postparto.,gratis
A,10,postparto,video,OWA Entrenamiento Mujer,"Dra. Lidia Romero, entrenamiento en embarazo y postparto",https://www.instagram.com/owa_entrenamiento_mujer/,"Entrenamiento de embarazo y postparto basado en evidencia científica, con enfoque seguro y progresivo.",gratis
A,10,postparto,frase,Entrenar con evidencia es más útil que entrenar con culpa.,Anónimo,,Frase de acompañamiento para la semana 10 de postparto.,gratis
A,11,postparto,video,Entrenadora Embarazo y Postparto Online,"Lucía Mingorance, entrenadora personal",https://www.instagram.com/luciamingorance_ep/,Rutinas seguras de ejercicio pensadas para el cuarto trimestre y la vuelta gradual a la actividad física.,gratis
A,11,postparto,frase,Retomar el ejercicio no es volver a como eras antes: es empezar de nuevo desde donde estás.,Anónimo,,Frase de acompañamiento para la semana 11 de postparto.,gratis
A,12,postparto,video,Inma Mellado IBCLC,"Inma Mellado, consultora certificada en lactancia materna (IBCLC)",https://www.instagram.com/inmamelladoibclc/,Contenido de una consultora certificada en lactancia sobre cómo sostener la lactancia al cerrar el cuarto trimestre.,gratis
A,12,postparto,frase,Llegar al cierre del cuarto trimestre ya es un montón: date crédito por lo que lograste.,Anónimo,,Frase de acompañamiento para la semana 12 de postparto.,gratis
A,1,embarazo,video,Mi.Matrona,Equipo de matronas (cuenta profesional de divulgación),https://www.instagram.com/mi.matrona/,"Cuenta de Instagram llevada por matronas con contenido cercano sobre embarazo, parto y crianza.",gratis
A,2,embarazo,video,Mi.Matrona,Equipo de matronas (cuenta profesional de divulgación),https://www.instagram.com/mi.matrona/,"Cuenta de Instagram llevada por matronas con contenido cercano sobre embarazo, parto y crianza.",gratis
A,3,embarazo,video,Mi.Matrona,Equipo de matronas (cuenta profesional de divulgación),https://www.instagram.com/mi.matrona/,"Cuenta de Instagram llevada por matronas con contenido cercano sobre embarazo, parto y crianza.",gratis
A,4,embarazo,video,Mi.Matrona,Equipo de matronas (cuenta profesional de divulgación),https://www.instagram.com/mi.matrona/,"Cuenta de Instagram llevada por matronas con contenido cercano sobre embarazo, parto y crianza.",gratis
A,5,embarazo,video,Mi.Matrona,Equipo de matronas (cuenta profesional de divulgación),https://www.instagram.com/mi.matrona/,"Cuenta de Instagram llevada por matronas con contenido cercano sobre embarazo, parto y crianza.",gratis
A,6,embarazo,video,MARINA QUERO | Nutrición Prenatal,"Marina Quero, nutricionista especializada en nutrición prenatal",https://www.instagram.com/marinaqueronutricion/,Cuenta de Instagram con consejos prácticos de alimentación para cada etapa del embarazo.,gratis
A,7,embarazo,video,MARINA QUERO | Nutrición Prenatal,"Marina Quero, nutricionista especializada en nutrición prenatal",https://www.instagram.com/marinaqueronutricion/,Cuenta de Instagram con consejos prácticos de alimentación para cada etapa del embarazo.,gratis
A,8,embarazo,video,MARINA QUERO | Nutrición Prenatal,"Marina Quero, nutricionista especializada en nutrición prenatal",https://www.instagram.com/marinaqueronutricion/,Cuenta de Instagram con consejos prácticos de alimentación para cada etapa del embarazo.,gratis
A,9,embarazo,video,MARINA QUERO | Nutrición Prenatal,"Marina Quero, nutricionista especializada en nutrición prenatal",https://www.instagram.com/marinaqueronutricion/,Cuenta de Instagram con consejos prácticos de alimentación para cada etapa del embarazo.,gratis
A,10,embarazo,video,MARINA QUERO | Nutrición Prenatal,"Marina Quero, nutricionista especializada en nutrición prenatal",https://www.instagram.com/marinaqueronutricion/,Cuenta de Instagram con consejos prácticos de alimentación para cada etapa del embarazo.,gratis
A,20,embarazo,video,Baby Suite by Pau,"Paula Camarós, matrona e IBCLC",https://www.youtube.com/@BabySuite_Centro,"Canal de una matrona con contenido sobre embarazo, preparación al parto y posparto, con un enfoque cercano y profesional.",gratis
A,21,embarazo,video,Baby Suite by Pau,"Paula Camarós, matrona e IBCLC",https://www.youtube.com/@BabySuite_Centro,"Canal de una matrona con contenido sobre embarazo, preparación al parto y posparto, con un enfoque cercano y profesional.",gratis
A,22,embarazo,video,Baby Suite by Pau,"Paula Camarós, matrona e IBCLC",https://www.youtube.com/@BabySuite_Centro,"Canal de una matrona con contenido sobre embarazo, preparación al parto y posparto, con un enfoque cercano y profesional.",gratis
A,23,embarazo,video,Baby Suite by Pau,"Paula Camarós, matrona e IBCLC",https://www.youtube.com/@BabySuite_Centro,"Canal de una matrona con contenido sobre embarazo, preparación al parto y posparto, con un enfoque cercano y profesional.",gratis
A,24,embarazo,video,Baby Suite by Pau,"Paula Camarós, matrona e IBCLC",https://www.youtube.com/@BabySuite_Centro,"Canal de una matrona con contenido sobre embarazo, preparación al parto y posparto, con un enfoque cercano y profesional.",gratis
A,31,embarazo,guia,Recursos gratis de preparación al parto,myBabymyBirth®,https://www.mybabymybirth.com/recursosgratis,"Recopilación gratuita de audios de relajación, relatos de partos y una plantilla de plan de parto para prepararte con calma.",gratis
A,32,embarazo,guia,Recursos gratis de preparación al parto,myBabymyBirth®,https://www.mybabymybirth.com/recursosgratis,"Recopilación gratuita de audios de relajación, relatos de partos y una plantilla de plan de parto para prepararte con calma.",gratis
A,33,embarazo,guia,Recursos gratis de preparación al parto,myBabymyBirth®,https://www.mybabymybirth.com/recursosgratis,"Recopilación gratuita de audios de relajación, relatos de partos y una plantilla de plan de parto para prepararte con calma.",gratis
A,34,embarazo,guia,Recursos gratis de preparación al parto,myBabymyBirth®,https://www.mybabymybirth.com/recursosgratis,"Recopilación gratuita de audios de relajación, relatos de partos y una plantilla de plan de parto para prepararte con calma.",gratis
A,35,embarazo,guia,Recursos gratis de preparación al parto,myBabymyBirth®,https://www.mybabymybirth.com/recursosgratis,"Recopilación gratuita de audios de relajación, relatos de partos y una plantilla de plan de parto para prepararte con calma.",gratis
A,11,embarazo,video,Alina Doula Spain,"Alina, doula certificada",https://www.youtube.com/channel/UCAIvUqzdn8twT--z4tsPswA,"Canal de una doula con ejercicios, meditaciones y consejos basados en tradición yóguica para vivir un embarazo y parto conscientes.",gratis
A,12,embarazo,video,Alina Doula Spain,"Alina, doula certificada",https://www.youtube.com/channel/UCAIvUqzdn8twT--z4tsPswA,"Canal de una doula con ejercicios, meditaciones y consejos basados en tradición yóguica para vivir un embarazo y parto conscientes.",gratis
A,13,embarazo,video,Alina Doula Spain,"Alina, doula certificada",https://www.youtube.com/channel/UCAIvUqzdn8twT--z4tsPswA,"Canal de una doula con ejercicios, meditaciones y consejos basados en tradición yóguica para vivir un embarazo y parto conscientes.",gratis
A,14,embarazo,video,Alina Doula Spain,"Alina, doula certificada",https://www.youtube.com/channel/UCAIvUqzdn8twT--z4tsPswA,"Canal de una doula con ejercicios, meditaciones y consejos basados en tradición yóguica para vivir un embarazo y parto conscientes.",gratis
A,15,embarazo,video,Alina Doula Spain,"Alina, doula certificada",https://www.youtube.com/channel/UCAIvUqzdn8twT--z4tsPswA,"Canal de una doula con ejercicios, meditaciones y consejos basados en tradición yóguica para vivir un embarazo y parto conscientes.",gratis
A,16,embarazo,video,Mamá Mimada Matrona (@mama.mimada),"Matrona especializada en embarazo, parto y lactancia",https://www.instagram.com/mama.mimada/,"Matrona que acompaña de forma integral el embarazo, el parto y la lactancia con contenido cercano y práctico.",gratis
A,17,embarazo,video,Mamá Mimada Matrona (@mama.mimada),"Matrona especializada en embarazo, parto y lactancia",https://www.instagram.com/mama.mimada/,"Matrona que acompaña de forma integral el embarazo, el parto y la lactancia con contenido cercano y práctico.",gratis
A,18,embarazo,video,Mamá Mimada Matrona (@mama.mimada),"Matrona especializada en embarazo, parto y lactancia",https://www.instagram.com/mama.mimada/,"Matrona que acompaña de forma integral el embarazo, el parto y la lactancia con contenido cercano y práctico.",gratis
A,19,embarazo,video,Mamá Mimada Matrona (@mama.mimada),"Matrona especializada en embarazo, parto y lactancia",https://www.instagram.com/mama.mimada/,"Matrona que acompaña de forma integral el embarazo, el parto y la lactancia con contenido cercano y práctico.",gratis
A,25,embarazo,video,Mapi Herrero Nutrición (@mapiherrero_nutricion),"Mapi Herrero, dietista-nutricionista especializada en embarazo, posparto e infancia",https://www.instagram.com/mapiherrero_nutricion/,Comparte pautas prácticas de alimentación para el tercer trimestre del embarazo.,gratis
A,26,embarazo,video,Mapi Herrero Nutrición (@mapiherrero_nutricion),"Mapi Herrero, dietista-nutricionista especializada en embarazo, posparto e infancia",https://www.instagram.com/mapiherrero_nutricion/,Comparte pautas prácticas de alimentación para el tercer trimestre del embarazo.,gratis
A,27,embarazo,video,Mapi Herrero Nutrición (@mapiherrero_nutricion),"Mapi Herrero, dietista-nutricionista especializada en embarazo, posparto e infancia",https://www.instagram.com/mapiherrero_nutricion/,Comparte pautas prácticas de alimentación para el tercer trimestre del embarazo.,gratis
A,28,embarazo,video,Mapi Herrero Nutrición (@mapiherrero_nutricion),"Mapi Herrero, dietista-nutricionista especializada en embarazo, posparto e infancia",https://www.instagram.com/mapiherrero_nutricion/,Comparte pautas prácticas de alimentación para el tercer trimestre del embarazo.,gratis
A,29,embarazo,video,Mapi Herrero Nutrición (@mapiherrero_nutricion),"Mapi Herrero, dietista-nutricionista especializada en embarazo, posparto e infancia",https://www.instagram.com/mapiherrero_nutricion/,Comparte pautas prácticas de alimentación para el tercer trimestre del embarazo.,gratis
A,30,embarazo,video,Mapi Herrero Nutrición (@mapiherrero_nutricion),"Mapi Herrero, dietista-nutricionista especializada en embarazo, posparto e infancia",https://www.instagram.com/mapiherrero_nutricion/,Comparte pautas prácticas de alimentación para el tercer trimestre del embarazo.,gratis
A,36,embarazo,video,Dra. Celia Padilla - Acompañamiento a la m/paternidad (@ohmama.matrona),"Celia Padilla, médica",https://www.instagram.com/ohmama.matrona/,"Médica que acompaña a madres, padres y parejas en la recta final del embarazo y la llegada del bebé.",gratis
A,37,embarazo,video,Dra. Celia Padilla - Acompañamiento a la m/paternidad (@ohmama.matrona),"Celia Padilla, médica",https://www.instagram.com/ohmama.matrona/,"Médica que acompaña a madres, padres y parejas en la recta final del embarazo y la llegada del bebé.",gratis
A,38,embarazo,video,Dra. Celia Padilla - Acompañamiento a la m/paternidad (@ohmama.matrona),"Celia Padilla, médica",https://www.instagram.com/ohmama.matrona/,"Médica que acompaña a madres, padres y parejas en la recta final del embarazo y la llegada del bebé.",gratis
A,39,embarazo,video,Dra. Celia Padilla - Acompañamiento a la m/paternidad (@ohmama.matrona),"Celia Padilla, médica",https://www.instagram.com/ohmama.matrona/,"Médica que acompaña a madres, padres y parejas en la recta final del embarazo y la llegada del bebé.",gratis
A,40,embarazo,video,Dra. Celia Padilla - Acompañamiento a la m/paternidad (@ohmama.matrona),"Celia Padilla, médica",https://www.instagram.com/ohmama.matrona/,"Médica que acompaña a madres, padres y parejas en la recta final del embarazo y la llegada del bebé.",gratis
A,1,postparto,video,Mamá Ilustrada,"Natalia Sabransky, ilustradora argentina",https://www.instagram.com/mamailustrada/,"Ilustraciones con humor sobre el día a día real de la maternidad, útiles para sentirse acompañada en las primeras semanas de postparto.",gratis
A,2,postparto,video,Dra. Lucía Galán Bertrand - Pediatra,"Lucía Galán Bertrand, pediatra y miembro del Comité Asesor de UNICEF España",https://www.instagram.com/luciamipediatra/,Contenido de una pediatra reconocida con consejos claros sobre el cuidado del bebé en las primeras semanas.,gratis
A,2,postparto,frase,Preguntar todo sobre tu bebé no te hace inexperta: te hace una madre responsable.,Anónimo,,Frase de acompañamiento para la semana 2 de postparto.,gratis
A,3,postparto,podcast,Maternidad Real - El podcast de Actualidad Matrona,"Elena Pajuelo, matrona",https://podcasts.apple.com/es/podcast/maternidad-real-el-podcast-de-actualidad-matrona/id1530743802,"Conversaciones con matronas y madres reales sobre cómo se vive el puerperio, más allá de lo que muestran las redes.",gratis
A,4,postparto,video,Actualidad Matrona,"Elena Pajuelo, matrona",https://www.youtube.com/c/ActualidadMatrona,"Canal de una matrona con contenido claro sobre embarazo, parto y las primeras semanas de postparto.",gratis
A,8,postparto,video,Babyrem Coach,"Olga Sesé, primera asesora de sueño infantil certificada en España",https://www.instagram.com/babyrem_coach/,Consejos de sueño infantil desde un enfoque respetuoso y basado en evidencia para las primeras semanas de vida.,gratis
A,9,postparto,video,MAMIfit España,"Emma Soteras, fundadora de MAMIfit",https://www.instagram.com/mamifit_esp/,"Entrenamiento especializado en embarazo y postparto, con foco en suelo pélvico y diástasis, recomendado por médicos.",gratis
A,9,postparto,frase,Fortalecer tu cuerpo de a poco también es una forma de cuidar a tu bebé.,Anónimo,,Frase de acompañamiento para la semana 9 de postparto.,gratis
A,10,postparto,video,Asesoras del Sueño Infantil,Equipo de asesoras certificadas en sueño infantil,https://www.instagram.com/duchacenayadormir/,Estrategias prácticas y respetuosas para mejorar el descanso del bebé y de la familia.,gratis
A,11,postparto,podcast,Pá / Ensayos sobre la paternidad,"Tomás Grounauer, creador del podcast",https://open.spotify.com/show/6DOokppdmVQzxtNjqMyy1d,Entrevistas informales a padres que reflexionan juntos sobre cómo se vive la paternidad.,gratis
A,12,postparto,articulo,Fisioterapia Postparto,"Laura Vázquez, fisioterapeuta especializada en suelo pélvico",https://lucetuembarazo.com/fisioterapia-postparto/,Explica cómo abordar la recuperación física con fisioterapia al cierre del cuarto trimestre.,gratis
A,12,postparto,frase,Cerrar el cuarto trimestre no significa estar recuperada del todo: significa haber sobrevivido y seguir aprendiendo.,Anónimo,,Frase de acompañamiento para la semana 12 de postparto.,gratis
A,5,postparto,video,Duerme Feliz - Asesoras de Sueño Infantil,Equipo de asesoras certificadas en sueño infantil,https://www.instagram.com/duermefeliz_asesorasueno/,"Estrategias de sueño infantil respetuosas, útiles a partir de las primeras semanas de vida.",gratis
A,7,postparto,video,IESMP - Salud Mental Perinatal,Instituto Europeo de Salud Mental Perinatal (equipo profesional),https://www.instagram.com/salud_mental_perinatal/,Contenido profesional sobre salud mental perinatal para acompañar el posparto.,gratis
A,8,postparto,video,"Nutrifamily - Embarazo, Lactancia y Nutrición Infantil","Equipo de nutricionistas (Nutrifamily, Chile)",https://www.instagram.com/nutrifamily.cl/,Consejos de nutrición para sostener la lactancia y la energía en el posparto.,gratis
A,9,postparto,video,Laura Gallardo - Entrenamiento Embarazo y Recuperación Postparto,"Laura Gallardo, entrenadora personal",https://www.instagram.com/masempoderadas/,Rutinas seguras para retomar el movimiento durante el cuarto trimestre.,gratis
A,10,postparto,video,Moon Training - Embarazo y Postparto,Equipo de entrenadoras especializadas en embarazo y postparto,https://www.instagram.com/moontraining_/,Entrenamiento progresivo pensado para la recuperación física postparto.,gratis
A,6,postparto,podcast,Podcast de Lactancia Materna EDULACTA,Ruth y Pilar (Edulacta),https://open.spotify.com/show/3QOQY9N7kcpB69BUpzu3dm,"Podcast sobre lactancia materna basado en evidencia, útil al cierre de la cuarentena.",gratis
A,11,postparto,podcast,Primerizos Podcast,Jorge Tena y Tenoch Negrete,https://open.spotify.com/show/2k3aCaAOCFZ8lawgbt3yRt,Dos papás primerizos comparten con humor los aprendizajes del cuarto trimestre.,gratis
A,3,postparto,guia,Guía de Práctica Clínica del Recién Nacido Sano,Ministerio de Salud y Protección Social de Colombia,https://www.minsalud.gov.co/sites/rid/Lists/BibliotecaDigital/RIDE/INEC/IETS/GPC_Prof_Sal_RNSano.pdf,Guía oficial con recomendaciones sobre signos de alarma y cuidados del recién nacido sano.,gratis
A,12,postparto,video,"Tania Mesa - Lactancia, Nutrición y Sueño Infantil","Tania Mesa, asesora de lactancia y nutrición",https://www.instagram.com/nutrienfermeradefamilia/,"Enfoque integral de lactancia, nutrición y sueño para el cierre del cuarto trimestre.",gratis
A,4,postparto,articulo,Asociación Española de Psicología Perinatal,Asociación Española de Psicología Perinatal (AEPP),https://www.instagram.com/aepperinatal/,Contenido de divulgación de profesionales sobre salud mental en el posparto.,gratis
A,6,embarazo,frase,Las molestias del primer trimestre no dicen nada sobre cómo será el resto de tu embarazo.,Anónimo,,Frase de aliento para las semanas más difíciles del primer trimestre.,gratis
A,15,embarazo,frase,Empezar a sentir más energía también merece festejarse.,Anónimo,,Frase de acompañamiento para el segundo trimestre.,gratis
A,28,embarazo,frase,"Bajar el ritmo en el tercer trimestre no es flojera, es sabiduría del cuerpo.",Anónimo,,Frase de acompañamiento para el tercer trimestre.,gratis
A,34,embarazo,frase,Prepararte para el parto también es prepararte para pedir ayuda después.,Anónimo,,Frase que conecta la preparación al parto con el postparto.,gratis
A,1,postparto,frase,"Nadie te prepara del todo para esto, y aun así lo estás haciendo.",Anónimo,,Frase de contención para los primeros días de postparto.,gratis
A,2,postparto,frase,"Cada toma, cada cambio de pañal, cada mecida: todo suma aunque no lo anotes.",Anónimo,,Frase de acompañamiento para la semana 2 de postparto.,gratis
A,3,postparto,frase,Está bien no tener ganas de recibir visitas todavía.,Anónimo,,Frase de acompañamiento para poner límites en las primeras semanas.,gratis
A,5,postparto,frase,"La cuarentena termina en el calendario, pero tu recuperación sigue su propio tiempo.",Anónimo,,Frase de acompañamiento para el cierre de la cuarentena.,gratis
A,6,postparto,frase,"Sentirte vos misma de nuevo puede tardar más de lo que esperabas, y no hay nada malo en eso.",Anónimo,,Frase de acompañamiento para la semana 6 de postparto.,gratis
A,8,postparto,frase,Un buen día no borra un mal día: los dos son parte de este proceso.,Anónimo,,Frase de acompañamiento para la semana 8 de postparto.,gratis
A,1,embarazo,podcast,Matronastur,"Tania Casamitjana, matrona",https://open.spotify.com/show/37ZI2ZvNyUEszhVbAgXs0t,"Podcast de una matrona sobre embarazo, parto y posparto, con contenido pensado para acompañar desde las primeras semanas de gestación.",gratis
A,4,embarazo,video,Astrid | Nutrición y Embarazo,"Astrid, nutricionista especializada en embarazo",https://www.instagram.com/nutricionyembarazo/,Cuenta de una nutricionista que comparte consejos prácticos de alimentación para las primeras semanas de embarazo.,gratis
A,34,embarazo,video,Ale Vargas | Doula de Parto,"Ale Vargas, doula certificada",https://www.instagram.com/alechapa00/,Doula que acompaña con cercanía la preparación física y emocional para el parto en la recta final del embarazo.,gratis
A,38,embarazo,video,Verdeliss: mi experiencia con partos naturales,"Estefanía ""Verdeliss"", creadora de contenido y madre de familia numerosa",https://youtube.com/verdeliss,Canal de una madre que comparte en primera persona sus experiencias de parto natural y en casa.,gratis
A,20,embarazo,guia,Recomendaciones de la OMS: cuidados durante el parto para una experiencia positiva (folleto resumen),El Parto es Nuestro,https://www.elpartoesnuestro.es/sites/default/files/recursos/documents/recomendaciones_oms_parto.pdf,"Resumen accesible de las recomendaciones oficiales de la OMS para un parto respetado, útil para ir armando el plan de parto.",gratis
A,26,embarazo,articulo,Parto respetado en España: tus derechos y la realidad en cifras,Wit Maternidad,https://witamaternidad.com/blog/parto-respetado-espana-derechos.html,"Explica los derechos legales durante el parto, información útil a medida que se acerca el tercer trimestre.",gratis
A,7,postparto,articulo,Prácticas que influyen en la lactancia materna (grietas y mastitis),GuíaSalud,https://portal.guiasalud.es/egpc/lactancia-practicas/,"Explica qué prácticas de agarre y postura previenen y tratan las grietas y la mastitis, frecuentes hacia la sexta o séptima semana.",gratis
A,7,postparto,video,"Dani ""La Chepi"": maternidad con humor","Daniela Viaggiamari, actriz y comediante argentina, madre",https://www.youtube.com/@DanielaLaChepi,Contenido con humor sobre las contradicciones y el cansancio real del postparto.,gratis
A,1,postparto,video,Mamá Primeriza (Gissel Mejia),"Gissel Mejia, mamá primeriza",https://www.instagram.com/mama.primeriza.en/,"Testimonios reales y cercanos sobre la maternidad primeriza, sin filtros, para las primeras semanas de postparto.",gratis
A,9,postparto,video,Cèlia Serra Fisiogine,"Cèlia Serra, fisioterapeuta especializada en salud de la mujer",https://www.instagram.com/celiaserra_fisiogine/,Fisioterapeuta que comparte ejercicios seguros para la recuperación del suelo pélvico en el postparto.,gratis
A,6,postparto,articulo,Newsletter Perinatal de Revista Perinatal Argentina,Revista Perinatal Argentina (E.P.P.I.C.A),https://revistaperinatalnews.substack.com/,"Newsletter gratuita sobre salud mental perinatal, útil al cierre de la cuarentena para sostener el bienestar emocional.",gratis
A,8,postparto,guia,"Alimentación de lactantes, niñas y niños pequeños",UNICEF República Dominicana,"https://www.unicef.org/dominicanrepublic/media/6036/file/Alimentaci%C3%B3n%20de%20lactantes,%20ni%C3%B1as%20y%20ni%C3%B1os%20peque%C3%B1os%20-%20PUBLICACI%C3%93N.pdf",Guía oficial de UNICEF sobre técnica de lactancia y alimentación complementaria.,gratis
A,5,embarazo,frase,"Cada semana que pasa, tu cuerpo y tu bebé escriben juntos una historia que nadie más puede contar.",Anónimo,,Frase de acompañamiento para la semana 5 de embarazo.,gratis
A,16,embarazo,frase,Sentir curiosidad por cada cambio de tu cuerpo es parte de conocer a la mamá en la que te estás convirtiendo.,Anónimo,,Frase de acompañamiento para la semana 16 de embarazo.,gratis
A,7,postparto,frase,No hace falta tener ganas de reír para reírte un rato: a veces el humor te encuentra primero a vos.,Anónimo,,Frase de acompañamiento para la semana 7 de postparto.,gratis
A,12,embarazo,frase,Llegar al último mes con más preguntas que certezas también es parte de estar lista.,Anónimo,,Frase de acompañamiento para la semana 12 de embarazo.,gratis
A,1,postparto,guia,Sueño seguro para su bebé,NICHD - Institutos Nacionales de Salud de EE. UU. (Safe to Sleep),https://www.nichd.nih.gov/sites/default/files/publications/pubs/Documents/STS_Spanish.pdf,Guía en español para que el bebé duerma seguro desde la primera noche en casa.,gratis
A,1,postparto,guia,Guía de cuidados al alta para la mamá y el bebé,"Servicio de Neonatología, Hospital Italiano de Buenos Aires",https://www.hospitalitaliano.org.ar/multimedia/archivos/noticias_attachs/57/documentos/16369_Guiadecuidadosalaltaparalamamayelbebe.pdf,Cuidados y señales de alarma para los primeros días después del alta.,gratis
A,2,postparto,video,Malasmadres,Laura Baena (fundadora del Club de Malasmadres),https://www.instagram.com/malasmadres/,Cuenta de Instagram de una comunidad de madres con humor y mensajes validantes sobre la maternidad cotidiana.,gratis
A,2,postparto,articulo,Cómo mantener seguro a su bebé cuando duerme: explicamos la política de la AAP,HealthyChildren.org (Academia Americana de Pediatría),https://www.healthychildren.org/Spanish/ages-stages/baby/sleep/Paginas/a-parents-guide-to-safe-sleep.aspx,Recomendaciones de sueño seguro explicadas en español.,gratis
A,2,postparto,guia,Guía de paternidad activa para padres,UNICEF México,https://www.unicef.org/mexico/media/6311/file/Gu%C3%ADa_de_paternidad_activa_para_padres.pdf,Para compartir con tu pareja: cómo involucrarse en el cuidado del bebé desde el principio.,gratis
A,3,postparto,articulo,Cólicos del lactante,Asociación Española de Pediatría (En Familia),https://www.aeped.es/enfamilia/salud-en-familia/colicos-lactante,"Qué son los cólicos y qué se puede hacer, por si el llanto del bebé se intensifica.",gratis
A,3,postparto,guia,Ser padre desde el inicio,UNICEF República Dominicana,https://www.unicef.org/dominicanrepublic/media/9181/file/Ser%20padre%20desde%20el%20inicio.pdf,Material para padres sobre cómo acompañar los primeros cuidados del bebé y a la mamá.,gratis
A,4,postparto,articulo,Material educativo y recursos sobre depresión posparto,Postpartum Support International (PSI) en español,https://postpartum.net/en-espanol/recursos-depresion-posparto/,Información en español sobre depresión y ansiedad posparto y dónde pedir ayuda.,gratis
A,4,postparto,guia,"Guías de salud infantil de 0 a 6 meses: Elige salud, ¡tú ganas!",Gobierno Vasco - Departamento de Salud,https://www.euskadi.eus/contenidos/informacion/salud_infancia_/es_def/adjuntos/Guias%20de%20salud%20infantil%20(de%206-6%20meses).pdf,"Guía institucional sobre cuidados, sueño y alimentación del bebé en sus primeros meses.",gratis
A,5,postparto,podcast,Club de Malasmadres,Laura Baena y equipo de Club de Malasmadres,https://podcasts.apple.com/es/podcast/club-de-malasmadres/id1538559887,"Podcast sobre maternidad real, para sentirte acompañada y entendida.",gratis
A,5,postparto,podcast,"Inimba, el podcast de Me lo dijo la Matrona","Sara Guzmán, matrona",https://melodijolamatrona.com/podcast/,"Podcast de una matrona sobre embarazo, posparto y maternidad.",gratis
A,6,postparto,video,Sara Guzmán | Matrona y mamá (@melodijolamatrona),"Sara Guzmán, matrona",https://www.instagram.com/melodijolamatrona/,"Cuenta de Instagram de una matrona con contenido cercano sobre embarazo, posparto y crianza.",gratis
A,6,postparto,articulo,Buscar apoyo para la depresión posparto,"Oficina para la Salud de la Mujer (HHS, EE. UU.)",https://espanol.womenshealth.gov/talkingPPD/support,Cómo encontrar apoyo si la tristeza o la ansiedad persisten después del parto.,gratis
A,7,postparto,articulo,"La importancia de la nutrición materna durante la lactancia, ¿necesitan las madres lactantes suplementos nutricionales?",Anales de Pediatría (Asociación Española de Pediatría),https://analesdepediatria.org/es-la-importancia-nutricion-materna-durante-articulo-S1695403315003057,Qué comer durante la lactancia y cuándo hacen falta suplementos.,gratis
A,8,postparto,podcast,2x5 Claves sobre nutrición y suplementación en el posparto,La Revolución Madre - Maternidad y crianza real,https://creators.spotify.com/pod/profile/revolucin-madre5/episodes/2x5-Claves-sobre-nutricin-y-suplementacin-en-el-posparto-e2uv4r2,Episodio sobre alimentación y suplementos en el posparto.,gratis
A,8,postparto,video,La fisioterapia ayuda a recuperar el suelo pélvico tras el parto,Ilustre Colegio Oficial de Fisioterapeutas de la Comunidad Valenciana,https://www.colfisiocv.com/Fisioterapia_recuperar_suelo-pelvico_parto_videoconsejo_diciembre2023,Videoconsejo breve sobre la recuperación del suelo pélvico.,gratis
A,9,postparto,articulo,10 ejercicios de suelo pélvico postparto para recuperar tu figura,Suelo Pélvico Valencia (fisioterapia),https://www.suelopelvico.eu/ejercicios-suelo-pelvico-postparto/,"Ejercicios de suelo pélvico para la recuperación, explicados paso a paso.",gratis
A,10,postparto,articulo,Recomendaciones generales de actividad física durante el embarazo y postparto,Ministerio de Sanidad de España (Estilos de Vida Saludable),https://estilosdevidasaludable.sanidad.gob.es/actividadFisica/actividad/recomendaciones/embarazadasYPostparto/home.htm,Recomendaciones oficiales para retomar la actividad física de a poco.,gratis
A,10,postparto,podcast,Mejora tu embarazo y post parto con Laura Gallardo,Laura Gallardo (entrenadora de embarazo y postparto),https://podcasts.apple.com/es/podcast/mejora-tu-embarazo-y-post-parto-con-laura-gallardo/id1489449420,Podcast sobre entrenamiento y recuperación en el postparto.,gratis
A,11,postparto,articulo,Ejercicios para la diástasis abdominal,Suelo Pélvico Valencia (fisioterapia),https://www.suelopelvico.eu/ejercicios-abdominales-diastasis-abdominal/,Ejercicios para trabajar el abdomen de forma segura tras el embarazo.,gratis
A,11,postparto,podcast,LOBAS MATERNITY,Lobas Maternity (podcast),https://podcasts.apple.com/es/podcast/lobas-maternity/id1557157998,"Podcast sobre embarazo, parto y posparto con invitadas profesionales.",gratis
A,12,postparto,podcast,3x09 Paternidad consciente y corresponsabilidad,La Revolución Madre - Maternidad y crianza real,https://larevolucionmadre.substack.com/p/3x09-paternidad-consciente-y-corresponsabilidad,Episodio sobre reparto de cuidados en pareja.,gratis
A,1,postparto,frase,"Descansá cuando el bebé descansa: la casa puede esperar, vos no.",Anónimo,,Un recordatorio amable para los primeros días.,gratis
A,4,postparto,frase,No tenés que disfrutar cada minuto para ser una buena madre.,Anónimo,,Permiso para sentir todo lo que sientas.,gratis
A,7,postparto,frase,Pedir ayuda no es rendirse: es criar en tribu.,Anónimo,,Sobre la importancia de la red de apoyo.,gratis
A,10,postparto,frase,Tu cuerpo hizo algo enorme; recuperarse lleva su tiempo.,Anónimo,,Paciencia con tu proceso de recuperación.,gratis
